Dataset,Compound,CAS,MW,MP,log_KOW,log_KAW,Solubility,pKa
107 chemicals,Caffeine,58-08-2,194.19,238,-0.07,-9.95,21749.28,
107 chemicals,Lamotrigine,84057-84-1,256.09,207,2.57,-9.7,249.94384,5.34
107 chemicals,Diclofenac,15307-79-6,296.15,284,0.7,-9.05,7.018755,4.15
107 chemicals,"2,4-Dichlorophenoxyacetic",94-75-7,221.04,140,2.81,-7.08,1644.5376,2.9
107 chemicals,(S)-Naproxen,22204-53-1,230.26,153,3.18,-9.64,13.35508,4.15
107 chemicals,Ibuprofen,15687-27-1,206.28,89.1,3.73,-6.22,35.68644,4.45
107 chemicals,Torasemide,56211-40-6,348.42,224,3.37,-15.3,79.78818,6.68
107 chemicals,Warfarin,81-81-2,308.33,161,2.7,-11.6,29.692179,4.9
107 chemicals,di-n-butylphthalate,84-74-2,278.34,-35,4.61,-5.26,11.189268,
107 chemicals,hexachlorophene,70-30-4,406.9,166,7.54,-9.21,140.7874,5.15
107 chemicals,hexamethylenetetramine,100-97-0,140.19,96.3,-1.27,-3.42,999554.7,
107 chemicals,Malathion,121-75-5,330.36,2.8,2.36,-9.87,144.69768,
107 chemicals,pentachlorophenol,87-86-5,266.34,174,5.12,-5.02,40.48368,4.7
107 chemicals,"2,2,2-trichloroethanol",115-20-8,149.4,19,1.42,-3.34,83215.8,
107 chemicals,diethylphthalate,84-66-2,222.24,-40.5,2.44,-5.26,1037.8608,
107 chemicals,4-chlorophenol,106-48-9,128.56,42.7,2.39,-4.8,24554.96,
107 chemicals,permethrin,52645-53-1,391.29,34,6.5,-6.61,0.08373606,
107 chemicals,Aniline,62-53-3,93.13,-6,0.9,-4.27,36041.31,
107 chemicals,4-fluoroaniline,371-40-4,111.12,-0.8,1.15,-3.98,14778.96,
107 chemicals,"2,4,6-trichlorophenol",88-06-2,197.45,69,3.69,-3.46,833.239,
107 chemicals,Allyl alcohol,107-18-6,58.08,-129,0.17,-3.52,998976,
107 chemicals,N-methylaniline,100-61-8,107.15,-57,1.66,-3.41,5625.375,
107 chemicals,"3,4-dichloroaniline",95-76-1,162.02,72,2.69,-4.68,145.65598,
107 chemicals,4-decylaniline,37529-30-9,233.39,25,6.32,-3.09,0.20374947,
107 chemicals,naphthalene,91-20-3,128.17,80.2,3.3,-2.41,31.65799,
107 chemicals,"1,2,4-trichlorobenzene",120-82-1,181.45,17,3.99,-0.83,46.4512,
107 chemicals,"1,2-dichlorobenzene",95-50-1,147,-16.7,3.43,-0.98,143.325,
107 chemicals,dichloromethane,75-09-2,84.93,-95.1,1.25,-1.19,15117.54,
107 chemicals,tetrachloroethylene,127-18-4,165.83,-22.3,3.4,-0.52,276.9361,
107 chemicals,"2,3-dimethyl-1,3-butadiene",513-81-5,82.14,-76,3.07,0.95,326.9172,
107 chemicals,Eugenol F,97-53-0,164.2,-9.1,2.27,-4.85,840.704,
107 chemicals,Methyl-antranilate,134-20-3,151.16,24.5,1.88,-6.32,2872.04,
107 chemicals,Lilyfore,285977-85-7,176.25,50.8,3.24,-5.78,222.075,
107 chemicals,Damascone beta,23726-91-2,192.3,17.5,4.29,-2.6,7.98045,
107 chemicals,Veloutone,14595-54-1,222.37,40.4,5.28,-3.52,0.9384014,
107 chemicals,Verdox,82356-51-2,236.39,60.7,6.45,-1.88,0.15223516,
107 chemicals,Nirvanol,1506-02-1,258.4,54.5,5.7,-3.69,1.250656,
107 chemicals,Cetalox,3738-00-9,236.39,60.7,5.4,-1.56,2.434817,
107 chemicals,Tonalide,21145-77-7,258.4,54.5,5.7,-3.69,1.250656,
107 chemicals,"2,4-Dinitrophenol",51-28-5,184.11,116,1.67,-6.32,1441.5813,
107 chemicals,Aldrin,309-00-2,364.91,129,6.5,-1.68,0.026310011,
107 chemicals,Azinphos-methyl,86-50-0,317.32,73,2.75,-13.3,23.132628,
107 chemicals,Chlorpyrifos,2921-88-2,350.59,42,4.96,-4.17,1.1499352,
107 chemicals,"DDD-p,p'",50-29-3,354.49,108,6.91,-3.82,0.006699861,
107 chemicals,"DDT-o,p'",789-02-6,354.49,116,6.56,-3.95,0.07656984,
107 chemicals,"DDT-p,p'",72-54-8,320.04,110,6.12,-3.32,0.09025128,
107 chemicals,Diazinon,333-41-5,304.35,52.6,3.81,-5.17,47.4786,
107 chemicals,Dicofol,115-32-2,370.49,77.5,5.02,-6.03,0.8632417,
107 chemicals,Dieldrin,60-57-1,380.91,202,5.12,-4.26,0.20835777,
107 chemicals,Disulfoton,298-04-4,274.4,-25,4.02,-5.26,18.05552,
107 chemicals,Endosulfan I,115-29-7,406.93,106,3.83,-4.96,0.40570921,
107 chemicals,Endrin,72-20-8,380.91,144,5.43,-4.26,0.05180376,
107 chemicals,Ethion,563-12-2,384.48,-13,5.07,-7.25,1.7340048,
107 chemicals,Heptachlor,76-44-8,373.32,95.5,6.1,-2.92,0.14223492,
107 chemicals,Heptachlor epoxide B,1024-57-3,389.32,160,4.98,-4.75,0.22308036,
107 chemicals,Lindane,58-89-9,290.83,75.2,3.72,-3.77,4.449699,
107 chemicals,"Methoxychlor-o,p'",72-43-5,345.65,87,5.08,-6.7,0.08468425,
107 chemicals,Parathion,56-38-2,291.26,6.1,3.83,-5.78,12.728062,
107 chemicals,Trifluralin,1582-09-8,335.28,49,5.34,-3.39,0.28632912,
107 chemicals,Perfluorobutanesulfonic_acid,375-73-5,300.1,23.4,1.5,-4.63,510.17,
107 chemicals,4_2_Fluorotelomer_sulfonic_acid,757124-72-4,328.15,33.3,1.76,-4.26,1283.0665,
107 chemicals,Perfluorononanoic_acid,375-95-1,464.08,68.6,6.07,-2.47,1299.424,
107 chemicals,Perfluorohexanoic_acid,307-24-4,314.05,11.7,4.2,-3.31,29.33227,
107 chemicals,Perfluorobutanoic_acid,375-22-4,214.04,-17.9,1.72,-3.87,447.3436,
107 chemicals,Perfluorooctanoic_acid,335-67-1,414.07,54.3,4.13,-2.75,5051.654,
107 chemicals,6_2_Fluorotelomer_sulfonic_acid,27619-97-2,428.17,32.1,2.97,-3.7,18.240042,
107 chemicals,8_2_Fluorotelomer_sulfonic_acid,39108-34-4,528.18,32.4,4.18,-3.14,0.2456037,
107 chemicals,Perfluoroundecanoic_acid,2058-94-8,564.09,98.5,5.95,-1.91,91.94667,0
107 chemicals,Perfluorooctanesulfonic_acid,1763-23-1,500.13,22.8,5.95,-3.51,570.1482,-3
107 chemicals,Perfluoroheptanoic_acid,375-85-9,364.06,35.4,3.53,-3.03,117955.44,
107 chemicals,Perfluoropentanoic_acid,2706-90-3,264.05,1.5,2.32,-3.59,119.8787,
107 chemicals,Perfluorohexanesulfonic_acid,355-46-4,400.11,190,2.71,-4.07,243.26688,
107 chemicals,Perfluorodecanoic_acid,335-76-2,514.08,90,6.4,-2.19,1156.68,0
107 chemicals,cyclosporine A,59865-13-3,1202.61,150,2.92,-45.2,0.67706943,
107 chemicals,chlorpromazine,50-53-3,318.86,151,5.41,-6.97,2.2128884,
107 chemicals,PBDE 47,5436-43-1,485.79,152,6.81,-3.56,0.04420689,
107 chemicals,PBDE 99,60348-60-9,564.69,177,7.32,-4.01,0.014343126,
107 chemicals,PBDE 153,68631-49-2,643.58,197,7.9,-4.37,0.001950047,
107 chemicals,amiodarone,1951-25-3,645.31,238,7.57,-10.7,0.4168,
107 chemicals,Azathioprine,446-86-6,277.26,244,0.1,-15.1,100.09086,
107 chemicals,Benzocaine,94-09-7,165.19,92,1.86,-6.33,834.2095,
107 chemicals,Butylated hydroxyanisole,25013-16-5,180.24,64.9,3.42,-4.8,358.6776,
107 chemicals,Cetirizine dihydrochloride,83881-52-1,388.89,249,0.715,-16.6,443.3346,
107 chemicals,Cyclamate,139-05-9,179.24,107,-0.585,-9.77,874691.2,
107 chemicals,Cyclophosphamide,6055-19-2,261.09,61.5,0.695,-10.2,46212.93,
107 chemicals,Cypermethrin,67375-30-8,416.3,102,6.62,-6.45,0.01477865,
107 chemicals,DEET,134-62-3,191.27,-45,2.18,-6.57,916.1833,
107 chemicals,Dexamethasone,50-02-2,392.46,248,1.92,-18.8,78.492,
107 chemicals,Digoxin,20830-75-5,780.94,426,1.26,-30.7,59.195252,
107 chemicals,Fenazaquin,120928-09-8,306.4,78.5,5.51,-7.24,0.1495232,
107 chemicals,Fenbuconazole,114369-43-6,336.82,125,3.23,-10,0.3738702,
107 chemicals,Fluazinam,79622-59-6,465.09,113,4.01,-4.7,0.4883445,
107 chemicals,Furosemide,54-31-9,330.74,261,2.03,-16.3,43.98842,3.62
107 chemicals,Glybenclamide,10238-21-8,494,169,4.85,-18,4.00634,
107 chemicals,HC Red 3,2871-01-4,197.19,152,0.13,-11.8,121074.66,
107 chemicals,Hydralazine hydrochloride,304-20-1,160.18,163,0.725,-11.6,211437.6,
107 chemicals,Ketoconazole,65277-42-1,531.43,146,4.35,-20,83.96594,
107 chemicals,Metformin,1115-70-4,129.16,74.3,-0.87,-9.13,1016489.2,
107 chemicals,Metoclopramide,364-62-5,299.8,147,2.62,-12.3,174.7834,
107 chemicals,Nitrofurantoin,67-20-9,238.16,263,-0.47,-12.7,96.21664,
107 chemicals,Oxytetracycline hydrochloride,2058-46-0,460.43,460,-1.53,-28.9,501868.7,
107 chemicals,Panthenol,16485-10-2 ,205.25,164,-0.895,-15,1034460,
107 chemicals,Paracetamol,103-90-2,151.16,170,0.46,-10.9,14224.156,
107 chemicals,Topiramate,97240-79-4,339.36,165,-1.39,-18,264022.08,
107 chemicals,Trimellitic anhydride,552-30-7,192.13,162,1.46,-10.2,15754.66,
107 chemicals,Verapamil hydrochloride,152-11-4,454.6,200,4.48,-16.2,2.29573,
107 chemicals,Warfarin,129-06-6,308.33,175,2.48,-11.6,82.94077,
15 chemicals,"1,2,3-trichlorobenzene",87-61-6,181.45,53.5,4.08,-0.99,19.41515,
15 chemicals,acenaphthene,83-32-9,154.21,93.4,3.92,-2.49,5.644086,
15 chemicals,aldrin,309-00-2,364.91,129,6.5,-1.68,0.026310011,
15 chemicals,azinphos-methyl,86-50-0,317.32,73,2.75,-13.3,23.132628,
15 chemicals,benzidine,92-87-5,184.24,120,1.34,-9.29,335.3168,
15 chemicals,chlorpyrifos,2921-88-2,350.59,42,4.96,-4.17,1.1499352,
15 chemicals,dicofol,115-32-2,370.49,77.5,5.02,-6.03,0.8632417,
15 chemicals,dieldrin,60-57-1,380.91,202,5.12,-4.26,0.20835777,
15 chemicals,endosulfan,115-29-7,406.93,106,3.83,-4.96,0.40570921,
15 chemicals,fluoranthene,206-44-0,202.25,108,5.16,-3.89,0.25079,
15 chemicals,gamma-hexachlorocyclohexane,58-89-9,290.83,75.2,3.72,-3.77,4.449699,
15 chemicals,heptachlor,76-44-8,373.32,95.5,6.1,-2.92,0.14223492,
15 chemicals,naphthalene,91-20-3,128.17,80.2,3.3,-2.41,31.65799,
15 chemicals,p-cresol,106-44-5,108.14,35.5,1.94,-4.56,21519.86,10.2
15 chemicals,pentachlorophenol,87-86-5,266.34,174,5.12,-5.02,40.48368,4.7
