"","Chemical","CAS","Model","Obs.val","pre.val","amount","conc","Cell.type","Species","IOC","H37","MW","MP","log.KOW","log.KAW","Solubility","pKa","logit.Obs.val","logit.pre.val","diff","abs.diff"
"1","cyclosporine A","59865-13-3","Fischer et al. (2017)",6.32e-05,0.000946171,0.0014,0.7,"PHH","Human","N",2.27e-06,1202.61,150,2.92,-45.2,0.67706943,NA,-4.19928292171762,-3.02403036714455,1.17525255457307,1.17525255457307
"2","cyclosporine A","59865-13-3","Fischer et al. (2017)",2.81e-05,0.000946171,0.0014,0.7,"PHH","Human","N",2.27e-06,1202.61,150,2.92,-45.2,0.67706943,NA,-4.55129368009492,-3.02403036714455,1.52726331295037,1.52726331295037
"3","cyclosporine A","59865-13-3","Fischer et al. (2017)",2.81e-05,0.000946171,0.0014,0.7,"PHH","Human","N",2.27e-06,1202.61,150,2.92,-45.2,0.67706943,NA,-4.55129368009492,-3.02403036714455,1.52726331295037,1.52726331295037
"4","cyclosporine A","59865-13-3","Fischer et al. (2017)",0.004589474,0.009461711,0.014,7,"PHH","Human","N",2.27e-06,1202.61,150,2.92,-45.2,0.67706943,NA,-2.33823708613762,-2.02403032124434,0.314206764893274,0.314206764893274
"5","cyclosporine A","59865-13-3","Fischer et al. (2017)",0.000598246,0.009461711,0.014,7,"PHH","Human","N",2.27e-06,1202.61,150,2.92,-45.2,0.67706943,NA,-3.2231201964901,-2.02403032124434,1.19908987524576,1.19908987524576
"6","cyclosporine A","59865-13-3","Fischer et al. (2017)",0.001914035,0.009461711,0.014,7,"PHH","Human","N",2.27e-06,1202.61,150,2.92,-45.2,0.67706943,NA,-2.71805012498766,-2.02403032124434,0.694019803743315,0.694019803743315
"7","cyclosporine A","59865-13-3","Fischer et al. (2017)",7.42e-05,0.000963259,0.001,0.5,"HepaRG","Human","N",2.27e-06,1202.61,150,2.92,-45.2,0.67706943,NA,-4.12959609472097,-3.0162569245604,1.11333917016057,1.11333917016057
"8","cyclosporine A","59865-13-3","Fischer et al. (2017)",0.001138061,0.009632593,0.01,5,"HepaRG","Human","N",2.27e-06,1202.61,150,2.92,-45.2,0.67706943,NA,-2.9438344591594,-2.01625678930257,0.927577669856829,0.927577669856829
"9","cyclosporine A","59865-13-3","Fischer et al. (2017)",0.000267949,0.000180298,0.000375,0.25,"PRH","Non-human","N",2.27e-06,1202.61,150,2.92,-45.2,0.67706943,NA,-3.57194785942758,-3.74400909076945,-0.172061231341871,0.172061231341871
"10","cyclosporine A","59865-13-3","Fischer et al. (2017)",0.001483226,0.001802983,0.00375,2.5,"PRH","Non-human","N",2.27e-06,1202.61,150,2.92,-45.2,0.67706943,NA,-2.82879267022927,-2.74400836814227,0.0847843020870025,0.0847843020870025
"11","chlorpromazine","50-53-3","Fischer et al. (2017)",0.003070137,0.00338562,0.0034,1.7,"Balb/c 3T3","Non-human","B",0.000883,318.86,151,5.41,-6.97,2.2128884,9.4,-2.51284224438715,-2.47036178844927,0.0424804559378802,0.0424804559378802
"12","chlorpromazine","50-53-3","Fischer et al. (2017)",0.003951691,0.009965361,0.01,5,"Caco-2","Human","B",0.000883,318.86,151,5.41,-6.97,2.2128884,9.4,-2.40321702214147,-2.00150696415183,0.401710057989637,0.401710057989637
"13","chlorpromazine","50-53-3","Fischer et al. (2017)",0.013632266,0.029896082,0.03,15,"Caco-2","Human","B",0.000883,318.86,151,5.41,-6.97,2.2128884,9.4,-1.86543194831057,-1.52438572395897,0.341046224351597,0.341046224351597
"14","chlorpromazine","50-53-3","Fischer et al. (2017)",0.000729124,0.003298083,0.0034,1.7,"HepaRG","Human","B",0.000883,318.86,151,5.41,-6.97,2.2128884,9.4,-3.13719860620023,-2.48173841904068,0.655460187159558,0.655460187159558
"15","chlorpromazine","50-53-3","Fischer et al. (2017)",0.00149,0.009700244,0.01,5,"HepaRG","Human","B",0.000883,318.86,151,5.41,-6.97,2.2128884,9.4,-2.82681373158773,-2.01321734135017,0.81359639023756,0.81359639023756
"16","chlorpromazine","50-53-3","Fischer et al. (2017)",0.00547365,0.029100731,0.03,15,"HepaRG","Human","B",0.000883,318.86,151,5.41,-6.97,2.2128884,9.4,-2.26172297600304,-1.53609610155434,0.725626874448706,0.725626874448706
"17","chlorpromazine","50-53-3","Fischer et al. (2017)",0.000182609,0.00124,0.002,1,"PHH","Human","B",0.000883,318.86,151,5.41,-6.97,2.2128884,9.4,-3.73847782179616,-2.90657831483776,0.831899506958394,0.831899506958394
"18","chlorpromazine","50-53-3","Fischer et al. (2017)",0.000178751,0.00285001,0.003,1.5,"HepaRG","Human","B",0.000883,318.86,151,5.41,-6.97,2.2128884,9.4,-3.7477515199142,-2.54515361615388,1.20259790376032,1.20259790376032
"19","chlorpromazine","50-53-3","Fischer et al. (2017)",0.004579479,0.0285001,0.03,15,"HepaRG","Human","B",0.000883,318.86,151,5.41,-6.97,2.2128884,9.4,-2.33918392817422,-1.54515361615388,0.794030312020339,0.794030312020339
"20","chlorpromazine","50-53-3","Fischer et al. (2017)",0.000264694,0.00185446,0.003,2,"PRH","Non-human","B",0.000883,318.86,151,5.41,-6.97,2.2128884,9.4,-3.57725590303724,-2.73178252980187,0.845473373235369,0.845473373235369
"21","chlorpromazine","50-53-3","Fischer et al. (2017)",6.02e-05,0.018544602,0.03,20,"PRH","Non-human","B",0.000883,318.86,151,5.41,-6.97,2.2128884,9.4,-4.22040350874218,-1.73178248296404,2.48862102577814,2.48862102577814
"22","ibuprofen","15687-27-1","Fischer et al. (2017)",0.020242029,0.195106957,0.2,100,"PHH","Human","A",0.00824,206.28,89.1,3.73,-6.22,35.68644,5.4,-1.69374595727993,-0.70972724453248,0.98401871274745,0.98401871274745
"23","ibuprofen","15687-27-1","Fischer et al. (2017)",0.909838078,1.951069566,2,1000,"PHH","Human","A",0.00824,206.28,89.1,3.73,-6.22,35.68644,5.4,-0.0410358912923602,0.290272754577148,0.331308645869508,0.331308645869508
"24","ibuprofen","15687-27-1","Fischer et al. (2017)",0.000820778,0.01952142,0.02,10,"HepaRG","Human","A",0.00824,206.28,89.1,3.73,-6.22,35.68644,5.4,-3.0857742928349,-1.70948859467474,1.37628569816016,1.37628569816016
"25","ibuprofen","15687-27-1","Fischer et al. (2017)",0.0375,0.1952142,0.2,100,"HepaRG","Human","A",0.00824,206.28,89.1,3.73,-6.22,35.68644,5.4,-1.42596873227228,-0.709488594674744,0.716480137597537,0.716480137597537
"26","ibuprofen","15687-27-1","Fischer et al. (2017)",0.000510903,0.01426418,0.015,10,"PRH","Non-human","A",0.00824,206.28,89.1,3.73,-6.22,35.68644,5.4,-3.29166154715211,-1.84575318942654,1.44590835772557,1.44590835772557
"27","ibuprofen","15687-27-1","Fischer et al. (2017)",0.023037626,0.142641801,0.15,100,"PRH","Non-human","A",0.00824,206.28,89.1,3.73,-6.22,35.68644,5.4,-1.63756227647368,-0.845753186381888,0.791809090091792,0.791809090091792
"28","cyclosporine A","59865-13-3","Armitage et al. (2021)",6.32e-05,0.001148251,0.0014,0.7,"PHH","Human","N",2.27e-06,1202.61,150,2.92,-45.2,0.67706943,NA,-4.19928292171762,-2.93996316768727,1.25931975403034,1.25931975403034
"29","cyclosporine A","59865-13-3","Armitage et al. (2021)",2.81e-05,0.001148251,0.0014,0.7,"PHH","Human","N",2.27e-06,1202.61,150,2.92,-45.2,0.67706943,NA,-4.55129368009492,-2.93996316768727,1.61133051240765,1.61133051240765
"30","cyclosporine A","59865-13-3","Armitage et al. (2021)",2.81e-05,0.001148251,0.0014,0.7,"PHH","Human","N",2.27e-06,1202.61,150,2.92,-45.2,0.67706943,NA,-4.55129368009492,-2.93996316768727,1.61133051240765,1.61133051240765
"31","cyclosporine A","59865-13-3","Armitage et al. (2021)",0.004589474,0.001420565,0.014,7,"PHH","Human","N",2.27e-06,1202.61,150,2.92,-45.2,0.67706943,NA,-2.33823708613762,-2.84753888971614,-0.509301803578523,0.509301803578523
"32","cyclosporine A","59865-13-3","Armitage et al. (2021)",0.000598246,0.001420565,0.014,7,"PHH","Human","N",2.27e-06,1202.61,150,2.92,-45.2,0.67706943,NA,-3.2231201964901,-2.84753888971614,0.375581306773958,0.375581306773958
"33","cyclosporine A","59865-13-3","Armitage et al. (2021)",0.001914035,0.001420565,0.014,7,"PHH","Human","N",2.27e-06,1202.61,150,2.92,-45.2,0.67706943,NA,-2.71805012498766,-2.84753888971614,-0.129488764728483,0.129488764728483
"34","cyclosporine A","59865-13-3","Armitage et al. (2021)",7.42e-05,0.000913587,0.001,0.5,"HepaRG","Human","N",2.27e-06,1202.61,150,2.92,-45.2,0.67706943,NA,-4.12959609472097,-3.03925008890168,1.09034600581929,1.09034600581929
"35","cyclosporine A","59865-13-3","Armitage et al. (2021)",0.001138061,0.001609426,0.01,5,"HepaRG","Human","N",2.27e-06,1202.61,150,2.92,-45.2,0.67706943,NA,-2.9438344591594,-2.79332898699979,0.150505472159609,0.150505472159609
"36","cyclosporine A","59865-13-3","Armitage et al. (2021)",0.000267949,0.000276849,0.000375,0.25,"PRH","Non-human","N",2.27e-06,1202.61,150,2.92,-45.2,0.67706943,NA,-3.57194785942758,-3.55775704085447,0.0141908185731086,0.0141908185731086
"37","cyclosporine A","59865-13-3","Armitage et al. (2021)",0.001483226,0.001065424,0.00375,2.5,"PRH","Non-human","N",2.27e-06,1202.61,150,2.92,-45.2,0.67706943,NA,-2.82879267022927,-2.97247752441794,-0.143684854188666,0.143684854188666
"38","chlorpromazine","50-53-3","Armitage et al. (2021)",0.003070137,0.003201287,0.0034,1.7,"Balb/c 3T3","Non-human","B",0.000883,318.86,151,5.41,-6.97,2.2128884,9.4,-2.51284224438715,-2.49467538898334,0.018166855403805,0.018166855403805
"39","chlorpromazine","50-53-3","Armitage et al. (2021)",0.003951691,0.009262906,0.01,5,"Caco-2","Human","B",0.000883,318.86,151,5.41,-6.97,2.2128884,9.4,-2.40321702214147,-2.03325274314806,0.369964278993403,0.369964278993403
"40","chlorpromazine","50-53-3","Armitage et al. (2021)",0.013632266,0.027788717,0.03,15,"Caco-2","Human","B",0.000883,318.86,151,5.41,-6.97,2.2128884,9.4,-1.86543194831057,-1.55613150405685,0.309300444253719,0.309300444253719
"41","chlorpromazine","50-53-3","Armitage et al. (2021)",0.000729124,0.001223961,0.0034,1.7,"HepaRG","Human","B",0.000883,318.86,151,5.41,-6.97,2.2128884,9.4,-3.13719860620023,-2.91223242022529,0.224966185974942,0.224966185974942
"42","chlorpromazine","50-53-3","Armitage et al. (2021)",0.00149,0.003599884,0.01,5,"HepaRG","Human","B",0.000883,318.86,151,5.41,-6.97,2.2128884,9.4,-2.82681373158773,-2.44371149339148,0.383102238196245,0.383102238196245
"43","chlorpromazine","50-53-3","Armitage et al. (2021)",0.00547365,0.010799652,0.03,15,"HepaRG","Human","B",0.000883,318.86,151,5.41,-6.97,2.2128884,9.4,-2.26172297600304,-1.96659023867182,0.295132737331224,0.295132737331224
"44","chlorpromazine","50-53-3","Armitage et al. (2021)",0.000182609,5.58e-05,0.002,1,"PHH","Human","B",0.000883,318.86,151,5.41,-6.97,2.2128884,9.4,-3.73847782179616,-4.25336580106242,-0.514887979266262,0.514887979266262
"45","chlorpromazine","50-53-3","Armitage et al. (2021)",0.000178751,0.001130966,0.003,1.5,"HepaRG","Human","B",0.000883,318.86,151,5.41,-6.97,2.2128884,9.4,-3.7477515199142,-2.94655045098466,0.801201068929542,0.801201068929542
"46","chlorpromazine","50-53-3","Armitage et al. (2021)",0.004579479,0.011309661,0.03,15,"HepaRG","Human","B",0.000883,318.86,151,5.41,-6.97,2.2128884,9.4,-2.33918392817422,-1.94655041258435,0.39263351558987,0.39263351558987
"47","chlorpromazine","50-53-3","Armitage et al. (2021)",0.000264694,9.55e-05,0.003,2,"PRH","Non-human","B",0.000883,318.86,151,5.41,-6.97,2.2128884,9.4,-3.57725590303724,-4.01999662841625,-0.442740725379013,0.442740725379013
"48","chlorpromazine","50-53-3","Armitage et al. (2021)",6.02e-05,0.000955122,0.03,20,"PRH","Non-human","B",0.000883,318.86,151,5.41,-6.97,2.2128884,9.4,-4.22040350874218,-3.01994115140812,1.20046235733405,1.20046235733405
"49","ibuprofen","15687-27-1","Armitage et al. (2021)",0.020242029,0.187462969,0.2,100,"PHH","Human","A",0.00824,206.28,89.1,3.73,-6.22,35.68644,5.4,-1.69374595727993,-0.72708450898848,0.966661448291451,0.966661448291451
"50","ibuprofen","15687-27-1","Armitage et al. (2021)",0.909838078,0.321545889,2,1000,"PHH","Human","A",0.00824,206.28,89.1,3.73,-6.22,35.68644,5.4,-0.0410358912923602,-0.492757038549036,-0.451721147256675,0.451721147256675
"51","ibuprofen","15687-27-1","Armitage et al. (2021)",0.000820778,0.019291904,0.02,10,"HepaRG","Human","A",0.00824,206.28,89.1,3.73,-6.22,35.68644,5.4,-3.0857742928349,-1.71462490787259,1.37114938496231,1.37114938496231
"52","ibuprofen","15687-27-1","Armitage et al. (2021)",0.0375,0.192919041,0.2,100,"HepaRG","Human","A",0.00824,206.28,89.1,3.73,-6.22,35.68644,5.4,-1.42596873227228,-0.714624905621414,0.711343826650867,0.711343826650867
"53","ibuprofen","15687-27-1","Armitage et al. (2021)",0.000510903,0.013090068,0.015,10,"PRH","Non-human","A",0.00824,206.28,89.1,3.73,-6.22,35.68644,5.4,-3.29166154715211,-1.88305809737987,1.40860344977223,1.40860344977223
"54","ibuprofen","15687-27-1","Armitage et al. (2021)",0.023037626,0.130900677,0.15,100,"PRH","Non-human","A",0.00824,206.28,89.1,3.73,-6.22,35.68644,5.4,-1.63756227647368,-0.883058107333095,0.754504169140585,0.754504169140585
"55","cyclosporine A","59865-13-3","Zaldivar-Comenges et al. (2017)",6.32e-05,0.001352164,0.0014,0.7,"PHH","Human","N",2.27e-06,1202.61,150,2.92,-45.2,0.67706943,NA,-4.19928292171762,-2.86897063089766,1.33031229081995,1.33031229081995
"56","cyclosporine A","59865-13-3","Zaldivar-Comenges et al. (2017)",2.81e-05,0.001352164,0.0014,0.7,"PHH","Human","N",2.27e-06,1202.61,150,2.92,-45.2,0.67706943,NA,-4.55129368009492,-2.86897063089766,1.68232304919726,1.68232304919726
"57","cyclosporine A","59865-13-3","Zaldivar-Comenges et al. (2017)",2.81e-05,0.001352164,0.0014,0.7,"PHH","Human","N",2.27e-06,1202.61,150,2.92,-45.2,0.67706943,NA,-4.55129368009492,-2.86897063089766,1.68232304919726,1.68232304919726
"58","cyclosporine A","59865-13-3","Zaldivar-Comenges et al. (2017)",0.004589474,0.013521641,0.014,7,"PHH","Human","N",2.27e-06,1202.61,150,2.92,-45.2,0.67706943,NA,-2.33823708613762,-1.86897059877919,0.469266487358427,0.469266487358427
"59","cyclosporine A","59865-13-3","Zaldivar-Comenges et al. (2017)",0.000598246,0.013521641,0.014,7,"PHH","Human","N",2.27e-06,1202.61,150,2.92,-45.2,0.67706943,NA,-3.2231201964901,-1.86897059877919,1.35414959771091,1.35414959771091
"60","cyclosporine A","59865-13-3","Zaldivar-Comenges et al. (2017)",0.001914035,0.013521641,0.014,7,"PHH","Human","N",2.27e-06,1202.61,150,2.92,-45.2,0.67706943,NA,-2.71805012498766,-1.86897059877919,0.849079526208467,0.849079526208467
"61","cyclosporine A","59865-13-3","Zaldivar-Comenges et al. (2017)",7.42e-05,0.000996207,0.001,0.5,"HepaRG","Human","N",2.27e-06,1202.61,150,2.92,-45.2,0.67706943,NA,-4.12959609472097,-3.00165041095668,1.12794568376429,1.12794568376429
"62","cyclosporine A","59865-13-3","Zaldivar-Comenges et al. (2017)",0.001138061,0.009962074,0.01,5,"HepaRG","Human","N",2.27e-06,1202.61,150,2.92,-45.2,0.67706943,NA,-2.9438344591594,-2.00165023657751,0.942184222581895,0.942184222581895
"63","cyclosporine A","59865-13-3","Zaldivar-Comenges et al. (2017)",0.000267949,0.000333262,0.000375,0.25,"PRH","Non-human","N",2.27e-06,1202.61,150,2.92,-45.2,0.67706943,NA,-3.57194785942758,-3.47721420368468,0.094733655742897,0.094733655742897
"64","cyclosporine A","59865-13-3","Zaldivar-Comenges et al. (2017)",0.001483226,0.003332618,0.00375,2.5,"PRH","Non-human","N",2.27e-06,1202.61,150,2.92,-45.2,0.67706943,NA,-2.82879267022927,-2.47721446431723,0.351578205912043,0.351578205912043
"82","cyclosporine A","59865-13-3","Fisher et al. (2019)",6.32e-05,0.00135649,0.0014,0.7,"PHH","Human","N",2.27e-06,1202.61,150,2.92,-45.2,0.67706943,NA,-4.19928292171762,-2.86758340349533,1.33169951822229,1.33169951822229
"83","cyclosporine A","59865-13-3","Fisher et al. (2019)",2.81e-05,0.00135649,0.0014,0.7,"PHH","Human","N",2.27e-06,1202.61,150,2.92,-45.2,0.67706943,NA,-4.55129368009492,-2.86758340349533,1.68371027659959,1.68371027659959
"84","cyclosporine A","59865-13-3","Fisher et al. (2019)",2.81e-05,0.00135649,0.0014,0.7,"PHH","Human","N",2.27e-06,1202.61,150,2.92,-45.2,0.67706943,NA,-4.55129368009492,-2.86758340349533,1.68371027659959,1.68371027659959
"85","cyclosporine A","59865-13-3","Fisher et al. (2019)",0.004589474,0.0135649,0.014,7,"PHH","Human","N",2.27e-06,1202.61,150,2.92,-45.2,0.67706943,NA,-2.33823708613762,-1.86758340349533,0.470653682642287,0.470653682642287
"86","cyclosporine A","59865-13-3","Fisher et al. (2019)",0.000598246,0.0135649,0.014,7,"PHH","Human","N",2.27e-06,1202.61,150,2.92,-45.2,0.67706943,NA,-3.2231201964901,-1.86758340349533,1.35553679299477,1.35553679299477
"87","cyclosporine A","59865-13-3","Fisher et al. (2019)",0.001914035,0.0135649,0.014,7,"PHH","Human","N",2.27e-06,1202.61,150,2.92,-45.2,0.67706943,NA,-2.71805012498766,-1.86758340349533,0.850466721492327,0.850466721492327
"88","cyclosporine A","59865-13-3","Fisher et al. (2019)",7.42e-05,0.000991179,0.001,0.5,"HepaRG","Human","N",2.27e-06,1202.61,150,2.92,-45.2,0.67706943,NA,-4.12959609472097,-3.00384790788374,1.12574818683723,1.12574818683723
"89","cyclosporine A","59865-13-3","Fisher et al. (2019)",0.001138061,0.00991179,0.01,5,"HepaRG","Human","N",2.27e-06,1202.61,150,2.92,-45.2,0.67706943,NA,-2.9438344591594,-2.00384790788374,0.93998655127566,0.93998655127566
"90","cyclosporine A","59865-13-3","Fisher et al. (2019)",0.000267949,0.000362533,0.000375,0.25,"PRH","Non-human","N",2.27e-06,1202.61,150,2.92,-45.2,0.67706943,NA,-3.57194785942758,-3.44065245511891,0.131295404308668,0.131295404308668
"91","cyclosporine A","59865-13-3","Fisher et al. (2019)",0.001483226,0.00362533,0.00375,2.5,"PRH","Non-human","N",2.27e-06,1202.61,150,2.92,-45.2,0.67706943,NA,-2.82879267022927,-2.44065245511891,0.388140215110357,0.388140215110357
"92","chlorpromazine","50-53-3","Fisher et al. (2019)",0.003070137,0.00329108,0.0034,1.7,"Balb/c 3T3","Non-human","B",0.000883,318.86,151,5.41,-6.97,2.2128884,9.4,-2.51284224438715,-2.48266156069065,0.0301806836964946,0.0301806836964946
"93","chlorpromazine","50-53-3","Fisher et al. (2019)",0.003951691,0.00968752,0.01,5,"Caco-2","Human","B",0.000883,318.86,151,5.41,-6.97,2.2128884,9.4,-2.40321702214147,-2.0137873878786,0.389429634262872,0.389429634262872
"94","chlorpromazine","50-53-3","Fisher et al. (2019)",0.013632266,0.0290626,0.03,15,"Caco-2","Human","B",0.000883,318.86,151,5.41,-6.97,2.2128884,9.4,-1.86543194831057,-1.53666553542194,0.328766412888631,0.328766412888631
"95","chlorpromazine","50-53-3","Fisher et al. (2019)",0.000729124,0.000910829,0.0034,1.7,"HepaRG","Human","B",0.000883,318.86,151,5.41,-6.97,2.2128884,9.4,-3.13719860620023,-3.0405631502797,0.0966354559205387,0.0966354559205387
"96","chlorpromazine","50-53-3","Fisher et al. (2019)",0.00149,0.00267891,0.01,5,"HepaRG","Human","B",0.000883,318.86,151,5.41,-6.97,2.2128884,9.4,-2.82681373158773,-2.57204187659707,0.254771854990659,0.254771854990659
"97","chlorpromazine","50-53-3","Fisher et al. (2019)",0.00547365,0.00803673,0.03,15,"HepaRG","Human","B",0.000883,318.86,151,5.41,-6.97,2.2128884,9.4,-2.26172297600304,-2.0949206218774,0.166802354125638,0.166802354125638
"98","chlorpromazine","50-53-3","Fisher et al. (2019)",0.000182609,0.000676022,0.002,1,"PHH","Human","B",0.000883,318.86,151,5.41,-6.97,2.2128884,9.4,-3.73847782179616,-3.17003917044426,0.568438651351897,0.568438651351897
"99","chlorpromazine","50-53-3","Fisher et al. (2019)",0.000178751,0.0027291,0.003,1.5,"HepaRG","Human","B",0.000883,318.86,151,5.41,-6.97,2.2128884,9.4,-3.7477515199142,-2.56398055056957,1.18377096934463,1.18377096934463
"100","chlorpromazine","50-53-3","Fisher et al. (2019)",0.004579479,0.027291,0.03,15,"HepaRG","Human","B",0.000883,318.86,151,5.41,-6.97,2.2128884,9.4,-2.33918392817422,-1.56398055056957,0.775203377604649,0.775203377604649
"101","chlorpromazine","50-53-3","Fisher et al. (2019)",0.000264694,0.00299586,0.003,2,"PRH","Non-human","B",0.000883,318.86,151,5.41,-6.97,2.2128884,9.4,-3.57725590303724,-2.52347848558142,1.05377741745582,1.05377741745582
"102","chlorpromazine","50-53-3","Fisher et al. (2019)",6.02e-05,0.0299586,0.03,20,"PRH","Non-human","B",0.000883,318.86,151,5.41,-6.97,2.2128884,9.4,-4.22040350874218,-1.52347848558142,2.69692502316076,2.69692502316076
"103","ibuprofen","15687-27-1","Fisher et al. (2019)",0.020242029,0.192036,0.2,100,"PHH","Human","A",0.00824,206.28,89.1,3.73,-6.22,35.68644,5.4,-1.69374595727993,-0.716617348714222,0.977128608565708,0.977128608565708
"104","ibuprofen","15687-27-1","Fisher et al. (2019)",0.909838078,1.92036,2,1000,"PHH","Human","A",0.00824,206.28,89.1,3.73,-6.22,35.68644,5.4,-0.0410358912923602,0.283382651285778,0.324418542578138,0.324418542578138
"105","ibuprofen","15687-27-1","Fisher et al. (2019)",0.000820778,0.0195391,0.02,10,"HepaRG","Human","A",0.00824,206.28,89.1,3.73,-6.22,35.68644,5.4,-3.0857742928349,-1.70909544440617,1.37667884842874,1.37667884842874
"106","ibuprofen","15687-27-1","Fisher et al. (2019)",0.0375,0.195391,0.2,100,"HepaRG","Human","A",0.00824,206.28,89.1,3.73,-6.22,35.68644,5.4,-1.42596873227228,-0.709095444406165,0.716873287866116,0.716873287866116
"107","ibuprofen","15687-27-1","Fisher et al. (2019)",0.000510903,0.0143843,0.015,10,"PRH","Non-human","A",0.00824,206.28,89.1,3.73,-6.22,35.68644,5.4,-3.29166154715211,-1.8421112678393,1.44955027931281,1.44955027931281
"108","ibuprofen","15687-27-1","Fisher et al. (2019)",0.023037626,0.143843,0.15,100,"PRH","Non-human","A",0.00824,206.28,89.1,3.73,-6.22,35.68644,5.4,-1.63756227647368,-0.842111267839301,0.795451008634379,0.795451008634379
